{
	"auroc": 0.9867906351717285,
	"f1": 0.9281417655665746,
	"recall": 0.9154809121134048,
	"precision": 0.9411577223620438,
	"acc": 0.9444928167174576,
	"loss": 0.39089792044693705
}