{
	"auroc": 0.9008578647742969,
	"f1": 0.7681635873495956,
	"recall": 0.7493666014560149,
	"precision": 0.7879278367897488,
	"acc": 0.8228830480591729,
	"loss": 0.4825336197629953
}