{
	"auroc": 0.8999938767043338,
	"f1": 0.7680176472524941,
	"recall": 0.7481158397742215,
	"precision": 0.7890072721122949,
	"acc": 0.8230292983711964,
	"loss": 0.482488445746593
}