{
	"auroc": 0.9998681133517442,
	"f1": 0.9944569048381928,
	"recall": 0.9953818030210705,
	"precision": 0.9935337238708025,
	"acc": 0.9956548493639252,
	"loss": 0.3180527975999687
}