{
	"auroc": 0.9998516091124662,
	"f1": 0.9940574394131121,
	"recall": 0.9951573073345947,
	"precision": 0.99296,
	"acc": 0.9953410104105185,
	"loss": 0.31828434984368015
}