{
	"auroc": 0.9999207169290365,
	"f1": 0.9959570820493374,
	"recall": 0.9968035406933858,
	"precision": 0.9951120597652081,
	"acc": 0.9968311509996316,
	"loss": 0.3170905270175387
}