{
	"auroc": 0.9644277120023681,
	"f1": 0.8807568081583133,
	"recall": 0.8614220198197621,
	"precision": 0.9009794713538173,
	"acc": 0.9086639289706011,
	"loss": 0.41310479138270917
}