{
	"auroc": 0.9643324324711647,
	"f1": 0.8797787378894999,
	"recall": 0.8620313652544819,
	"precision": 0.8982722320622932,
	"acc": 0.9077494945435822,
	"loss": 0.4138431845419857
}