{
	"auroc": 0.9690779164488269,
	"f1": 0.8924149747093071,
	"recall": 0.8742262751093104,
	"precision": 0.911376604850214,
	"acc": 0.9174634138173537,
	"loss": 0.40674983621633565
}