{
	"auroc": 0.9448168473557038,
	"f1": 0.8670367135330084,
	"recall": 0.8424222514235655,
	"precision": 0.8931328728159285,
	"acc": 0.8704745697581863,
	"loss": 0.45113941964569626
}