{
	"auroc": 0.9566980395532876,
	"f1": 0.884544253632761,
	"recall": 0.8592252942786751,
	"precision": 0.9114006751116112,
	"acc": 0.8875512066587526,
	"loss": 0.43939276239765224
}