{
	"auroc": 0.9437645368618874,
	"f1": 0.8668475189329715,
	"recall": 0.8397481522036682,
	"precision": 0.8957542486713777,
	"acc": 0.8706702530603283,
	"loss": 0.4521108674002694
}