{
	"auroc": 0.9708515180412031,
	"f1": 0.8974958191019377,
	"recall": 0.8806619557199517,
	"precision": 0.9149857828327705,
	"acc": 0.9212308696962593,
	"loss": 0.40173020700235773
}