{
	"auroc": 0.9665125451686889,
	"f1": 0.8871469250155467,
	"recall": 0.8692793688464129,
	"precision": 0.9057644110275689,
	"acc": 0.9133983850104861,
	"loss": 0.4079091818457148
}