{
	"auroc": 0.9668928843803527,
	"f1": 0.8865598430346632,
	"recall": 0.869471793720535,
	"precision": 0.9043330331231862,
	"acc": 0.9128731272996697,
	"loss": 0.40840079226647036
}