{
	"auroc": 0.9844857028219236,
	"f1": 0.9265977954624092,
	"recall": 0.9017991725730413,
	"precision": 0.9527988614800759,
	"acc": 0.9440544511559569,
	"loss": 0.3752974912715264
}