{
	"auroc": 0.984834271667615,
	"f1": 0.9258622968151183,
	"recall": 0.898752445399442,
	"precision": 0.9546584908874127,
	"acc": 0.9436386241193535,
	"loss": 0.37502000824763226
}