{
	"auroc": 0.9915732142341904,
	"f1": 0.9477176699517351,
	"recall": 0.9267807699297634,
	"precision": 0.9696224051539012,
	"acc": 0.9599603161314089,
	"loss": 0.3624431885284326
}