{
	"auroc": 0.9975588510169051,
	"f1": 0.9775939520105182,
	"recall": 0.9770586946999562,
	"precision": 0.9781297960973471,
	"acc": 0.9775478275190075,
	"loss": 0.3381421374124393
}