{
	"auroc": 0.9970393990889773,
	"f1": 0.9757901079038177,
	"recall": 0.9753627155762387,
	"precision": 0.9762178749520521,
	"acc": 0.9757369490036779,
	"loss": 0.33986595754037824
}