{
	"auroc": 0.9976973937604899,
	"f1": 0.979233686054948,
	"recall": 0.9791130577607446,
	"precision": 0.9793543440760111,
	"acc": 0.9791811051717868,
	"loss": 0.3370904795228454
}