{
	"auroc": 0.9934027599561569,
	"f1": 0.9515494937515099,
	"recall": 0.9263317689569279,
	"precision": 0.978178657304449,
	"acc": 0.9630621881383745,
	"loss": 0.3622300662180086
}