{
	"auroc": 0.9475686163966447,
	"f1": 0.844111298877307,
	"recall": 0.8089862416215002,
	"precision": 0.882424963268733,
	"acc": 0.882997827479248,
	"loss": 0.42720671475697786
}