{
	"auroc": 0.9478315448780392,
	"f1": 0.844563910778683,
	"recall": 0.8111670568615503,
	"precision": 0.8808288351036044,
	"acc": 0.8830827964686232,
	"loss": 0.4265439347005807
}