{
	"auroc": 0.9947657881799659,
	"f1": 0.9631760644418874,
	"recall": 0.9445071357451046,
	"precision": 0.9825978868862648,
	"acc": 0.9639997352921713,
	"loss": 0.38990973574774607
}