{
	"auroc": 0.7634563174268312,
	"f1": 0.675991649269311,
	"recall": 0.6448914558852819,
	"precision": 0.7102434744461504,
	"acc": 0.6918800873535835,
	"loss": 0.5959464982151985
}