{
	"auroc": 0.7716542068422299,
	"f1": 0.6801424382069543,
	"recall": 0.6465551573078455,
	"precision": 0.7174105170128149,
	"acc": 0.6968433591423466,
	"loss": 0.5900061473250389
}