{
    "auroc": 0.9898244500199915,
    "f1": 0.8841880970541746,
    "recall": 0.869259325987372,
    "precision": 0.9004749366873712,
    "acc": 0.9869712363421796,
    "loss": 0.035882884530473794,
    "acc_per_article": 0.8262971000197278
}