{
    "auroc": 0.9905288863193167,
    "f1": 0.8930298242664284,
    "recall": 0.8815216919853128,
    "precision": 0.9053097297945126,
    "acc": 0.9877877268358739,
    "loss": 0.03469425829437401,
    "acc_per_article": 0.8391911885582771
}