{
	"auroc": 0.8084743948191107,
	"f1": 0.663370844987966,
	"recall": 0.6541162887655945,
	"precision": 0.6728910296591997,
	"acc": 0.7400444561654673,
	"loss": 0.5703935273564779
}