{
	"auroc": 0.8046614727175188,
	"f1": 0.6584230906901825,
	"recall": 0.6489208171642987,
	"precision": 0.6682077870611934,
	"acc": 0.7363589556830883,
	"loss": 0.5720868101104711
}