{
	"auroc": 0.8414930379566962,
	"f1": 0.6979507686646717,
	"recall": 0.6894409937888198,
	"precision": 0.7066732412886259,
	"acc": 0.7663382003281872,
	"loss": 0.5538298543183655
}