{
	"auroc": 0.9999369747308146,
	"f1": 0.9966201605023306,
	"recall": 0.9976909015105353,
	"precision": 0.9955517153097798,
	"acc": 0.9973502781580038,
	"loss": 0.3161651711626704
}