{
	"auroc": 0.9999638504721813,
	"f1": 0.9976176231784968,
	"recall": 0.998289520103484,
	"precision": 0.996946630083167,
	"acc": 0.998133016308898,
	"loss": 0.3154974434671471
}