{
	"auroc": 0.9999580358107054,
	"f1": 0.9967154278756029,
	"recall": 0.9975305474487669,
	"precision": 0.9959016393442623,
	"acc": 0.9974255610393199,
	"loss": 0.31619524137083305
}