{
	"auroc": 0.9670015034889503,
	"f1": 0.8810410146598584,
	"recall": 0.8577018055867355,
	"precision": 0.9056859358596634,
	"acc": 0.9093066770478834,
	"loss": 0.4166536614871942
}