{
	"auroc": 0.9666956164971836,
	"f1": 0.8794284111347623,
	"recall": 0.8546230076007826,
	"precision": 0.9057168105499286,
	"acc": 0.9082369488502933,
	"loss": 0.4170660385145591
}