{
	"auroc": 0.9788154551706616,
	"f1": 0.9055677094727631,
	"recall": 0.8850343699554206,
	"precision": 0.9270764510240876,
	"acc": 0.92772345199424,
	"loss": 0.40255620290686794
}