{
	"auroc": 0.8038578381859749,
	"f1": 0.6221919673247107,
	"recall": 0.5569417273339534,
	"precision": 0.7047603587516741,
	"acc": 0.7351467430207588,
	"loss": 0.5705836928234651
}