{
	"auroc": 0.800660659396422,
	"f1": 0.6194655394755695,
	"recall": 0.5546005580321349,
	"precision": 0.7015131231998701,
	"acc": 0.733194358980799,
	"loss": 0.5723412073193452
}