{
	"auroc": 0.8368773369882219,
	"f1": 0.6562137119105326,
	"recall": 0.5890251333639794,
	"precision": 0.7407038958943887,
	"acc": 0.7583344496165567,
	"loss": 0.5551855606236346
}