{
	"auroc": 0.7858129383321304,
	"f1": 0.6413931066146329,
	"recall": 0.6272409480132132,
	"precision": 0.6561986243918806,
	"acc": 0.7253582147656064,
	"loss": 0.5769533694554598
}