{
	"auroc": 0.8814055686274131,
	"f1": 0.7439584235599828,
	"recall": 0.7345655915587818,
	"precision": 0.7535945776988122,
	"acc": 0.8020160075014232,
	"loss": 0.5262723614559439
}