{
	"auroc": 0.7886197142047897,
	"f1": 0.6448782411515331,
	"recall": 0.6293255508162022,
	"precision": 0.6612191259224315,
	"acc": 0.7285913423501488,
	"loss": 0.5754307149312435
}