{
	"auroc": 0.9606541104052331,
	"f1": 0.8735379156262321,
	"recall": 0.8526666880472082,
	"precision": 0.8954565356505338,
	"acc": 0.9033266774667521,
	"loss": 0.41855270491546415
}