{
	"auroc": 0.960474700977736,
	"f1": 0.8706834177464975,
	"recall": 0.8490426862512428,
	"precision": 0.8934561776517836,
	"acc": 0.9012444902110986,
	"loss": 0.41915647605336814
}