{
	"auroc": 0.9649812628082608,
	"f1": 0.8828799228983222,
	"recall": 0.8618039148608632,
	"precision": 0.905012629806343,
	"acc": 0.9104685040688524,
	"loss": 0.4128108733130817
}