{
	"auroc": 0.7829299612843403,
	"f1": 0.6469213281675258,
	"recall": 0.6479586927936885,
	"precision": 0.6458872798184201,
	"acc": 0.7230475568559983,
	"loss": 0.5835464612031595
}