{
	"auroc": 0.8746541580302851,
	"f1": 0.7458193093578566,
	"recall": 0.7521300819961301,
	"precision": 0.7396135570413355,
	"acc": 0.7992573925856469,
	"loss": 0.5376892121113853
}