{
	"auroc": 0.7859215942724918,
	"f1": 0.649928837573761,
	"recall": 0.6517109778390686,
	"precision": 0.648156417453432,
	"acc": 0.7250875937158573,
	"loss": 0.5819009458407377
}