{
	"auroc": 0.9124532297814447,
	"f1": 0.8252078415272504,
	"recall": 0.800637323242382,
	"precision": 0.8513341804320204,
	"acc": 0.830950962874727,
	"loss": 0.4727062076330185
}