{
	"auroc": 0.9997024834062841,
	"f1": 0.9966757529419586,
	"recall": 0.9950879522071026,
	"precision": 0.9982686288872611,
	"acc": 0.9966911521408246,
	"loss": 0.3180079957899533
}