{
	"auroc": 0.8043398352354568,
	"f1": 0.6304171228764172,
	"recall": 0.5724319297007793,
	"precision": 0.7014737669483199,
	"acc": 0.7371877786289259,
	"loss": 0.5711557387541502
}