{
	"auroc": 0.8402087458382309,
	"f1": 0.6690682344973348,
	"recall": 0.612544231941074,
	"precision": 0.7370844910980755,
	"acc": 0.7627298148086132,
	"loss": 0.5537593683160091
}