{
	"auroc": 0.8067842044904898,
	"f1": 0.6336939721792891,
	"recall": 0.5785574548603316,
	"precision": 0.7004465152397593,
	"acc": 0.738085370907584,
	"loss": 0.5696799355821732
}