{
	"auroc": 0.8956908550174738,
	"f1": 0.8098193352641015,
	"recall": 0.803722967424035,
	"precision": 0.8160088938299055,
	"acc": 0.8107536916067409,
	"loss": 0.4948649806576175
}