{
	"auroc": 0.8974927363486834,
	"f1": 0.8109230897055972,
	"recall": 0.8015768725361366,
	"precision": 0.8204898279437315,
	"acc": 0.8126149370076579,
	"loss": 0.4940027369485868
}