{
	"auroc": 0.9801830228917419,
	"f1": 0.9282616247674014,
	"recall": 0.9234875444839857,
	"precision": 0.9330853219192764,
	"acc": 0.928441053158859,
	"loss": 0.4077771215505826
}