{
    "auroc": 0.9895123191533461,
    "f1": 0.9085652295503496,
    "recall": 0.8994396964952728,
    "precision": 0.9181618316444049,
    "acc": 0.9861966317334747,
    "loss": 0.040684035226276456,
    "acc_per_article": 0.8386961307255948
}