{
    "auroc": 0.9925404622945033,
    "f1": 0.919564085698731,
    "recall": 0.9049949077073899,
    "precision": 0.9353030213031492,
    "acc": 0.9908686277494655,
    "loss": 0.028227460829526683,
    "acc_per_article": 0.8749301331579813
}