{
    "auroc": 0.9892100656816485,
    "f1": 0.9082185440331172,
    "recall": 0.9001754910699794,
    "precision": 0.9166258020431401,
    "acc": 0.9860915939338465,
    "loss": 0.04101617410920516,
    "acc_per_article": 0.8382823083175291
}