{
    "auroc": 0.9909226629960934,
    "f1": 0.9028736065921138,
    "recall": 0.8898939261871744,
    "precision": 0.9168163155403388,
    "acc": 0.9889495987246393,
    "loss": 0.0323796658800113,
    "acc_per_article": 0.8513660124272611
}