{
    "auroc": 0.9909503595982111,
    "f1": 0.9024440674782809,
    "recall": 0.8867609224608722,
    "precision": 0.9195556482347592,
    "acc": 0.9890262677780566,
    "loss": 0.03202725058720518,
    "acc_per_article": 0.853422765831525
}