{
    "auroc": 0.9891077073241831,
    "f1": 0.9080497024721705,
    "recall": 0.8993321751140477,
    "precision": 0.917196806337816,
    "acc": 0.9860948829856696,
    "loss": 0.04101991437548368,
    "acc_per_article": 0.8388198000487685
}