{
	"auroc": 0.9700109489705714,
	"f1": 0.8963536993229463,
	"recall": 0.8810172861678587,
	"precision": 0.9122335126519227,
	"acc": 0.9202175086965804,
	"loss": 0.40108713371207916
}