{
	"auroc": 0.9704077636651861,
	"f1": 0.8957439519746823,
	"recall": 0.8805041531701998,
	"precision": 0.9115205843293492,
	"acc": 0.919742311411385,
	"loss": 0.40117195492767427
}