{
	"auroc": 0.9731400740743125,
	"f1": 0.9041950391090644,
	"recall": 0.8879314952801446,
	"precision": 0.9210654719659332,
	"acc": 0.9263211211948695,
	"loss": 0.3959591931339374
}