{
	"auroc": 0.8967943626495789,
	"f1": 0.7562871411433195,
	"recall": 0.7244844506686907,
	"precision": 0.7910101080841329,
	"acc": 0.8171653661967114,
	"loss": 0.5131107325280759
}