{
	"auroc": 0.8000239581214104,
	"f1": 0.6473982587568333,
	"recall": 0.6152785350052917,
	"precision": 0.6830562181792288,
	"acc": 0.7375645163315794,
	"loss": 0.5673898366781381
}