{
	"auroc": 0.801816153461824,
	"f1": 0.6474893099193807,
	"recall": 0.6143164106346813,
	"precision": 0.6844493675409133,
	"acc": 0.7380728126687514,
	"loss": 0.5653274137622271
}