{
	"auroc": 0.999151397801364,
	"f1": 0.9858674952390498,
	"recall": 0.979356123464985,
	"precision": 0.9924660298668102,
	"acc": 0.9860035735556879,
	"loss": 0.3414741088362301
}