{
	"auroc": 0.9127528699533611,
	"f1": 0.8256899558838616,
	"recall": 0.8012743926722421,
	"precision": 0.8516402116402116,
	"acc": 0.8313480246178281,
	"loss": 0.4717528887093067
}