{
	"auroc": 0.78102086792049,
	"f1": 0.633468308404264,
	"recall": 0.6146050479458645,
	"precision": 0.6535261219478925,
	"acc": 0.7214959374097376,
	"loss": 0.5809341424550766
}