{
	"auroc": 0.8679464675132589,
	"f1": 0.7260010835837069,
	"recall": 0.7091008220994003,
	"precision": 0.7437265938600228,
	"acc": 0.7904164294564817,
	"loss": 0.5375045856393124
}