{
	"auroc": 0.7803142645049019,
	"f1": 0.6325214305848021,
	"recall": 0.6117186748340335,
	"precision": 0.6547888774459321,
	"acc": 0.7216787432030239,
	"loss": 0.5817825733087002
}