{
	"auroc": 0.9951309448245612,
	"f1": 0.971743486973948,
	"recall": 0.9655515730784549,
	"precision": 0.9780153287615975,
	"acc": 0.9720071471113758,
	"loss": 0.34177904660943187
}