{
	"auroc": 0.995947970433934,
	"f1": 0.9722417075859305,
	"recall": 0.9661422027484565,
	"precision": 0.9784187172246874,
	"acc": 0.9725034742902521,
	"loss": 0.3407702317720727
}